<?xml version="1.0" encoding="utf-8"?>
<odoo noupdate="1">
    <record forcecreate="True" id="expire_sale_blanket_orders_cron" model="ir.cron">
        <field name="name">Expire The Blanket Orders</field>
        <field name="interval_number">1</field>
        <field name="interval_type">days</field>
        <field name="nextcall"
               eval="(DateTime.now() + relativedelta(hour=00, minute=1, second=0)).strftime('%Y-%m-%d %H:%M:%S')"/>
        <field name="numbercall">-1</field>
        <field name="doall" eval="False"/>
        <field name="model_id" ref="model_sale_blanket_order"/>
        <field name="state">code</field>
        <field name="code">model.expire_the_orders()</field>
    </record>
</odoo>
